{"inputUnits":[34],"outputUnits":2,"inputs":{"0":{"dtype":"number","min":333.78970794975174,"max":443.5738371315523},"1":{"dtype":"number","min":64.90913019310429,"max":169.10735072680615},"2":{"dtype":"number","min":341.5109590526677,"max":455.11649207994486},"3":{"dtype":"number","min":55.10337636252359,"max":159.1283194409941},"4":{"dtype":"number","min":321.6675029256423,"max":431.70900281642145},"5":{"dtype":"number","min":55.48179105940849,"max":158.4998291045369},"6":{"dtype":"number","min":361.90942240040204,"max":469.2259861758345},"7":{"dtype":"number","min":61.85540717944764,"max":164.01849400927446},"8":{"dtype":"number","min":312.1203345583196,"max":417.28694298578745},"9":{"dtype":"number","min":64.86582438151041,"max":165.24813884415354},"10":{"dtype":"number","min":387.7950306198982,"max":474.5352309675012},"11":{"dtype":"number","min":92.64185081913223,"max":205.1113487080059},"12":{"dtype":"number","min":312.39926462749753,"max":394.69948365209626},"13":{"dtype":"number","min":93.13065199824104,"max":203.8046133773833},"14":{"dtype":"number","min":367.18756424753286,"max":548.5143751475314},"15":{"dtype":"number","min":34.301486545138886,"max":259.32517788331177},"16":{"dtype":"number","min":248.3678949367233,"max":345.8273648565043},"17":{"dtype":"number","min":37.23106696591739,"max":246.1637792159707},"18":{"dtype":"number","min":369.2793508905184,"max":508.46792239659476},"19":{"dtype":"number","min":8.912743165014305,"max":301.7687042414793},"20":{"dtype":"number","min":174.440582453856,"max":395.62284175880234},"21":{"dtype":"number","min":38.80736479285167,"max":285.2217134769432},"22":{"dtype":"number","min":382.36659505446283,"max":445.0002230817114},"23":{"dtype":"number","min":233.20688050625148,"max":301.65279306631106},"24":{"dtype":"number","min":328.7869322183769,"max":392.28378980015685},"25":{"dtype":"number","min":233.87564437895952,"max":301.79953353911577},"26":{"dtype":"number","min":389.67250652945296,"max":434.58370573107027},"27":{"dtype":"number","min":336.0665239181667,"max":370.85187826472645},"28":{"dtype":"number","min":315.1464477895993,"max":375.4963288483796},"29":{"dtype":"number","min":329.6501436289291,"max":367.11936668113424},"30":{"dtype":"number","min":389.8588624474598,"max":429.3029725667793},"31":{"dtype":"number","min":435.71128324690847,"max":447.17779445834094},"32":{"dtype":"number","min":318.7294931393153,"max":352.4396275451541},"33":{"dtype":"number","min":421.5227777730187,"max":437.01151604308484}},"outputs":{"0":{"dtype":"string","min":0,"max":1,"uniqueValues":["handsBehindNeck","squat"],"legend":{"handsBehindNeck":[1,0],"squat":[0,1]}}},"isNormalized":true}